{"cameraMode":{"drawMode":0,"name":"Shaded","section":"Shading Mode"},"sceneLighting":false,"audioPlay":false,"sceneViewState":{"showFog":true,"showMaterialUpdate":true,"showSkybox":true,"showFlares":true,"showImageEffects":true,"showParticleSystems":true,"showVisualEffectGraphs":true,"m_FxEnabled":true},"in2DMode":false,"pivot":{"x":3.0000011920928957,"y":-2.1276378631591799,"z":-2.115003824234009},"rotation":{"x":-0.06655322015285492,"y":-0.0014956321101635695,"z":-0.00010537539492361248,"w":0.9977967739105225},"size":2.720108985900879,"orthographic":false}