{"cameraMode":{"drawMode":0,"name":"Shaded","section":"Shading Mode"},"sceneLighting":false,"audioPlay":false,"sceneViewState":{"showFog":true,"showMaterialUpdate":true,"showSkybox":true,"showFlares":true,"showImageEffects":true,"showParticleSystems":true,"showVisualEffectGraphs":true,"m_FxEnabled":true},"in2DMode":false,"pivot":{"x":4.600002288818359,"y":-12.32643985748291,"z":-12.326438903808594},"rotation":{"x":0.11659885197877884,"y":-0.047653548419475558,"z":0.005601050797849894,"w":0.9920198321342468},"size":1.2806247472763062,"orthographic":false}