{"cameraMode":{"drawMode":0,"name":"Shaded","section":"Shading Mode"},"sceneLighting":false,"audioPlay":false,"sceneViewState":{"showFog":true,"showMaterialUpdate":true,"showSkybox":false,"showFlares":true,"showImageEffects":true,"showParticleSystems":true,"showVisualEffectGraphs":true,"m_FxEnabled":true},"in2DMode":false,"pivot":{"x":-18.809043884277345,"y":1.4142141342163087,"z":-14.09999942779541},"rotation":{"x":0.07714030146598816,"y":-0.23695233464241029,"z":0.018877476453781129,"w":0.9682727456092835},"size":2.236067771911621,"orthographic":false}